date,work_id,doi,title,publication_year,type,source,citations,included_in_curated
2026-08-31,W2004956959,https://doi.org/10.1016/0261-2194(88)90007-5,Cowpea seed treatment with carbosulfan: potential for control of seedling pests,1988,article,Crop Protection,10,False
2026-08-31,W2319794099,https://doi.org/10.1093/jmedent/33.1.177,Attraction and Trapping of Aedes aegypti (Diptera: Culicidae) with Host Odors in the Laboratory,1996,article,Journal of Medical Entomology,17,False
2026-08-31,W2802825342,https://doi.org/10.1016/j.cropro.2018.04.011,Terpene based biopesticides as potential alternatives to synthetic insecticides for control of aphid pests on protected ornamentals,2018,article,Crop Protection,72,True
2026-08-31,W2956372050,https://doi.org/10.1002/ps.5545,"Catch me if you can: the influence of refuge / trap design, previous feeding experience, and semiochemical lures on vine weevil (Coleoptera: Curculionidae) monitoring success",2019,article,Pest Management Science,11,True
2026-08-31,W2978978878,https://doi.org/10.1101/789172,Feeding status influences adult vine weevil (coleoptera: curculionidae) behaviour to conspecific volatiles,2019,preprint,bioRxiv (Cold Spring Harbor Laboratory),0,True
2026-08-31,W2982285174,https://doi.org/10.1007/s10886-019-01108-x,"Electrophysiological and Behavioral Responses of Adult Vine Weevil, Otiorhynchus sulcatus (Coleoptera: Curculionidae), to Host Plant Odors",2019,article,Journal of Chemical Ecology,17,True
2026-08-31,W2996775031,https://doi.org/10.1007/s11032-019-1089-x,Quantitative trait loci (QTLs) linked with root growth in lettuce (Lactuca sativa) seedlings,2019,article,Molecular Breeding,5,False
2026-08-31,W3007560514,https://doi.org/10.1111/aab.12587,Vertical farming systems bring new considerations for pest and disease management,2020,article,Annals of Applied Biology,80,True
2026-08-31,W3016131663,https://doi.org/10.1007/s10886-020-01172-8,Behavioural and Electrophysiological Responses of Female Anopheles gambiae Mosquitoes to Volatiles from a Mango Bait,2020,article,Journal of Chemical Ecology,43,True
2026-08-31,W3133540425,https://doi.org/10.22004/ag.econ.308162,Feasibility of Autonomous Equipment for Biopesticide Application,2020,preprint,RePEc: Research Papers in Economics,0,True
2026-08-31,W3164723980,,Feasibility of Autonomous Equipment for Biopesticide Application,2020,preprint,RePEc: Research Papers in Economics,0,True
2026-08-31,W3187789302,,"Vine weevil, Otiorhynchus sulcatus (Coleoptera: Curculionidae), management: current state and future perspectives",2021,article,Harper Adams University Repository (GuildHE Research),0,True
2026-08-31,W3198194505,https://doi.org/10.1564/v32_jun_05,Continuing Entomological Research During the Covid-19 Pandemic,2021,article,Outlooks on Pest Management,0,True
2026-08-31,W3204869631,https://doi.org/10.3389/fpls.2021.711896,Effects of cis-Jasmone Treatment of Brassicas on Interactions With Myzus persicae Aphids and Their Parasitoid Diaeretiella rapae,2021,article,Frontiers in Plant Science,36,True
2026-08-31,W4205464934,https://doi.org/10.3390/insects13010080,"Optimising Vine Weevil, Otiorhynchus sulcatus F. (Coleoptera: Curculionidae), Monitoring Tool Design",2022,article,Insects,9,True
2026-08-31,W4220832207,https://doi.org/10.1146/annurev-ento-071221-060822,"Vine Weevil,Otiorhynchus sulcatus(Coleoptera: Curculionidae), Management: Current State and Future Perspectives",2022,article,Annual Review of Entomology,12,True
2026-08-31,W4280538107,https://doi.org/10.1111/aab.12776,Evaluation of resistance to black bean aphid (Aphis fabae) in selected varieties and mutant genotypes of common bean (Phaseolus vulgaris),2022,article,Annals of Applied Biology,6,True
2026-08-31,W4281839811,https://doi.org/10.1016/j.cropro.2022.106030,Induced mutagenesis: An underutilised component in the integrated management of aphid pests in sub-Saharan Africa,2022,article,Crop Protection,5,True
2026-08-31,W4294891858,https://doi.org/10.1007/s11829-022-09919-8,Gamma irradiation as a tool to produce cowpea (Vigna unguiculate (L.) Walp.) genotypes resistant to aphid pests,2022,article,Arthropod-Plant Interactions,2,True
2026-08-31,W4379209074,https://doi.org/10.1111/aab.12846,Exploiting volatile organic compounds in crop protection: A systematic review of 1‐octen‐3‐ol and 3‐octanone,2023,review,Annals of Applied Biology,15,True
2026-08-31,W4384277394,https://doi.org/10.1002/ps.7665,Decoding attraction: Improving vine weevil monitoring by exploiting key sensory cues,2023,article,Pest Management Science,4,True
2026-08-31,W4385308756,https://doi.org/10.1111/eea.13351,Scents and sensibility: Best practice in insect olfactometer bioassays,2023,article,Entomologia Experimentalis et Applicata,46,True
2026-08-31,W4388023036,https://doi.org/10.1177/17479541231201257,Mental health training for high school coaches and athletic directors: Community-based participatory research to Coach Beyond,2023,article,International Journal of Sports Science & Coaching,13,False
2026-08-31,W4390906255,https://doi.org/10.1111/1744-7917.13316,The clip cage conundrum: Assessing the interplay of confinement method and aphid genotype in fitness studies,2024,article,Insect Science,7,True
2026-08-31,W4399109698,https://doi.org/10.2139/ssrn.4844676,"Temperature and Time of Season are the Predominant Drivers of Cabbage Stem Flea Beetle, Psylliodes Chrysocephala, Arrival at Oilseed Rape Crops",2024,preprint,SSRN Electronic Journal,0,True
2026-08-31,W4401441452,https://doi.org/10.1093/jee/toae175,‘The Garlic Gambit’: an alternative strategy for controlling vine weevil (Otiorhynchus sulcatus F.; Coleoptera: Curculionidae),2024,article,Journal of Economic Entomology,1,True
2026-08-31,W4401630186,https://doi.org/10.1016/j.cropro.2024.106904,"Temperature and time of season are the predominant drivers of cabbage stem flea beetle, Psylliodes chrysocephala, arrival at oilseed rape crops",2024,article,Crop Protection,4,True
2026-08-31,W4402006336,https://doi.org/10.1111/aab.12942,Cover Image,2024,paratext,Annals of Applied Biology,2,True
2026-08-31,W4402006542,https://doi.org/10.1111/aab.12936,Special issue on entomology: A tribute to Prof. Simon R. Leather,2024,editorial,Annals of Applied Biology,2,True
2026-08-31,W4402994917,https://doi.org/10.1111/een.13388,The influence of genetic variation on pre‐oviposition processes for host‐parasitoid co‐evolution,2024,article,Ecological Entomology,0,True
2026-08-31,W4404351422,https://doi.org/10.2139/ssrn.5021348,A Process-Based Life Cycle of the Cabbage Stem Flea Beetle on Winter Oilseed Rape: Effects of Temperature,2024,preprint,SSRN Electronic Journal,1,True
2026-08-31,W4404766127,https://doi.org/10.1007/s11829-024-10116-y,Can silicon complement mutation-derived resistance to cowpea aphid?,2024,article,Arthropod-Plant Interactions,0,True
2026-08-31,W4408497597,https://doi.org/10.20944/preprints202503.1029.v1,Effects of Confinement and Wheat Variety on the Performance of Two Aphid Species,2025,preprint,Preprints.org,1,True
2026-08-31,W4409424642,https://doi.org/10.61733/jconch/4546,Using radio frequency identification technology to track the movement of slugs within domestic garden habitats,2025,article,Journal of conchology,0,True
2026-08-31,W4409759391,https://doi.org/10.21203/rs.3.rs-6360858/v1,"A re-evaluation of the optimal liver copper concentrations for health, performance and fertility of replacement Holstein-Friesian heifers",2025,preprint,Research Square,0,True
2026-08-31,W4410038418,https://doi.org/10.3390/insects16050477,Effects of Confinement and Wheat Variety on the Performance of Two Aphid Species,2025,article,Insects,2,True
2026-08-31,W4411041366,https://doi.org/10.1007/s12011-025-04668-0,"A Re-evaluation of the Optimal Liver Copper Concentrations for Health, Performance and Fertility of Replacement Holstein–Friesian Heifers",2025,article,Biological Trace Element Research,2,True
2026-08-31,W4411090753,https://doi.org/10.1111/mve.12814,Extended time to maturity in Anopheles coluzzii : Implications of late egg hatch for vector control and transgene fitness,2025,article,Medical and Veterinary Entomology,0,True
2026-08-31,W4411730566,https://doi.org/10.1016/j.jtbi.2025.112185,A process-based life cycle model of the cabbage stem flea beetle on winter oilseed rape: Effects of temperature,2025,article,Journal of Theoretical Biology,1,True
2026-08-31,W4412929723,https://doi.org/10.1016/j.atech.2025.101244,Novel nocturnal insect pest monitoring for sustainable crop protection using ensemble augmented deep learning classification,2025,article,Smart Agricultural Technology,2,True
2026-08-31,W4414437146,https://doi.org/10.1111/jen.70021,An Apple a Day Does Not Keep the Weevils Away: Enhancing Vine Weevil Monitoring With Fruit‐Based Volatiles,2025,article,Journal of Applied Entomology,1,True
2026-08-31,W4416087417,https://doi.org/10.1080/09583157.2025.2586218,Question of compatibility: combining botanical garlic extract and entomopathogenic nematode as integrated biological control for vine weevil,2025,article,Biocontrol Science and Technology,1,True
2026-08-31,W7116910377,https://doi.org/10.1002/ps.70461,How effective are entomopathogenic nematodes for vine weevil (Coleoptera: Curculionidae) biological control? A meta‐analysis,2025,article,Pest Management Science,0,True
2026-08-31,W7123676068,https://doi.org/10.1002/ps.70518,Effects of bioinsecticide exposure route on aphids and their natural enemies in oilseed rape,2026,article,Pest Management Science,1,True
2026-08-31,W7125750223,https://doi.org/10.2139/ssrn.6086739,ASSESSMENT OF INTERACTIONS BETWEEN PYRETHRUM EXTRACT AND OLEIC ACID AGAINST APHIS FABAE SCOPOLI (HEMIPTERA: APHIDIDAE) THROUGH A MODIFIED CHECKERBOARD ASSAY APPROACH,2026,preprint,SSRN Electronic Journal,0,True
2026-08-31,W7140234598,https://doi.org/10.1111/afe.70043,"Refuge by day, forage by night: Diel activity of vine weevil as characterised by smart monitoring",2026,article,Agricultural and Forest Entomology,0,True
2026-08-31,W7140557548,https://doi.org/10.1111/afe.70047,Evaluating the efficacy of tagging adhesives for insect tracking,2026,article,Agricultural and Forest Entomology,0,True
2026-08-31,W7155225983,https://doi.org/10.21203/rs.3.rs-9280252/v1,How much copper do calves need? Absorption and hepatic storage in artificially reared milk- fed Holstein–Friesian calves,2026,preprint,Research Square,0,True
2026-08-31,W7166863173,https://doi.org/10.1007/s12011-026-05190-7,How much Copper Do Calves Need? Retention and Hepatic Storage in Artificially Reared Milk-Fed Holstein–Friesian Calves,2026,article,Biological Trace Element Research,0,True
2026-08-31,W7172267668,https://doi.org/10.1111/afe.70077,Reconsidering the importance of M etopolophium dirhodum ( W alker) ( H emiptera: A phididae) as a crop pest,2026,article,Agricultural and Forest Entomology,0,True
2026-08-31,W7202036786,https://doi.org/10.1111/aab.70152,Dispersal responses of cereal aphids to wheat cultivar and planting configuration,2026,article,Annals of Applied Biology,0,True
2026-08-31,W7202277599,https://doi.org/10.1111/afe.70078,"Behavioural responses of peach potato aphid, M yzus persicae S ulzer ( H emiptera: A phididae), to entomopathogenic fungi infected conspecifics",2026,article,Agricultural and Forest Entomology,0,True
2026-08-31,W7203459156,https://doi.org/10.1016/j.tplants.2026.07.011,A new sustainability paradigm beyond the organic brand,2026,article,Trends in Plant Science,0,True
2026-08-31,W7204111607,https://doi.org/10.1111/aab.70155,Industry perceptions of biological control in food manufacturing environments: A qualitative analysis of barriers and opportunities,2026,article,Annals of Applied Biology,0,True
